{
  "version": 3,
  "artifactType": {
    "type": "APK",
    "kind": "Directory"
  },
  "applicationId": "com.cymf.autogame",
  "variantName": "release",
  "elements": [
    {
      "type": "SINGLE",
      "filters": [],
      "attributes": [],
      "versionCode": 8,
      "versionName": "1.0.8",
      "outputFile": "AutoGame-v1.0.8-2025-10-24-release.apk"
    }
  ],
  "elementType": "File",
  "baselineProfiles": [
    {
      "minApi": 28,
      "maxApi": 30,
      "baselineProfiles": [
        "baselineProfiles/1/AutoGame-v1.0.8-2025-10-24-release.dm"
      ]
    },
    {
      "minApi": 31,
      "maxApi": 2147483647,
      "baselineProfiles": [
        "baselineProfiles/0/AutoGame-v1.0.8-2025-10-24-release.dm"
      ]
    }
  ],
  "minSdkVersionForDexing": 26
}